timestamp	mode	target	change	result	reason
2026-04-07 17:18:23	auto	.claude/skills/elegant-fix/SKILL.md	generalize Completion Gate output template	kept	old template was Angular-only; nonsensical for non-Angular targets
2026-04-08 12:36:48	session-handoff	sessions	none	skipped	All criteria passed
2026-04-08 12:37:12	session-handoff	sessions	none	skipped	All criteria passed
2026-04-08 18:02:37	session-handoff	sessions	none	skipped	All criteria passed
2026-04-08 18:02:50	session-handoff	sessions	none	skipped	All criteria passed
2026-04-08 18:13:59	session-handoff	sessions	none	skipped	All criteria passed
2026-04-08 18:14:54	session-handoff	sessions	none	skipped	All criteria passed
2026-04-08 18:16:44	session-handoff	sessions	none	skipped	All criteria passed
2026-04-08 18:22:49	session-handoff	sessions	none	skipped	All criteria passed
2026-04-08 18:23:25	session-handoff	sessions	none	skipped	All criteria passed
2026-04-08 18:25:43	session-handoff	sessions	none	skipped	All criteria passed
2026-04-08 18:39:02	session-handoff	sessions	none	skipped	All criteria passed
2026-04-08 18:50:04	session-handoff	sessions	none	skipped	All criteria passed
2026-04-09 09:06:43	session-handoff	sessions	none	skipped	All criteria passed
2026-04-09 09:08:33	session-handoff	sessions	none	skipped	All criteria passed
2026-04-09 09:16:54	session-handoff	sessions	none	skipped	All criteria passed
2026-04-09 09:19:53	session-handoff	sessions	none	skipped	All criteria passed
2026-04-09 09:20:28	session-handoff	sessions	none	skipped	All criteria passed
2026-04-09 09:23:56	session-handoff	sessions	none	skipped	All criteria passed
2026-04-09 09:25:27	session-handoff	sessions	none	skipped	All criteria passed
2026-04-09 09:26:47	session-handoff	sessions	none	skipped	All criteria passed
2026-04-09 09:28:03	session-handoff	sessions	none	skipped	All criteria passed
2026-04-09 09:31:12	session-handoff	sessions	none	skipped	All criteria passed
2026-04-09 09:32:48	session-handoff	sessions	none	skipped	All criteria passed
2026-04-09 09:37:37	session-handoff	sessions	none	skipped	All criteria passed
2026-04-09 09:44:49	session-handoff	sessions	none	skipped	All criteria passed
2026-04-09 09:49:45	session-handoff	sessions	none	skipped	All criteria passed
2026-04-09 09:56:39	session-handoff	sessions	none	skipped	All criteria passed
2026-04-09 10:36:33	session-handoff	sessions	none	skipped	All criteria passed
2026-04-09 10:37:59	session-handoff	sessions	none	skipped	All criteria passed
2026-04-09 10:38:54	session-handoff	sessions	none	skipped	All criteria passed
2026-04-09 10:39:18	session-handoff	sessions	none	skipped	All criteria passed
2026-04-09 10:39:45	session-handoff	sessions	none	skipped	All criteria passed
2026-04-09 10:40:06	session-handoff	sessions	none	skipped	All criteria passed
2026-04-09 10:40:22	session-handoff	sessions	none	skipped	All criteria passed
2026-04-09 10:40:48	session-handoff	sessions	none	skipped	All criteria passed
2026-04-09 10:41:06	session-handoff	sessions	none	skipped	All criteria passed
2026-04-09 10:41:43	session-handoff	sessions	none	skipped	All criteria passed
2026-04-09 10:42:17	session-handoff	sessions	none	skipped	All criteria passed
2026-04-09 10:43:52	session-handoff	sessions	none	skipped	All criteria passed
2026-04-09 10:44:25	session-handoff	sessions	none	skipped	All criteria passed
2026-04-09 10:44:46	session-handoff	sessions	none	skipped	All criteria passed
2026-04-09 14:34:19	session-handoff	sessions	none	skipped	All criteria passed
2026-04-09 14:38:15	session-handoff	sessions	none	skipped	All criteria passed
2026-04-09 14:39:53	session-handoff	sessions	none	skipped	All criteria passed
2026-04-09 14:46:33	session-handoff	sessions	none	skipped	All criteria passed
2026-04-09 14:47:27	session-handoff	sessions	none	skipped	All criteria passed
2026-04-09 14:48:20	session-handoff	sessions	none	skipped	All criteria passed
2026-04-09 14:51:21	session-handoff	sessions	none	skipped	All criteria passed
2026-04-09 14:52:40	session-handoff	sessions	none	skipped	All criteria passed
2026-04-09 14:56:01	session-handoff	sessions	none	skipped	All criteria passed
2026-04-09 14:59:35	session-handoff	sessions	none	skipped	All criteria passed
2026-04-09 15:00:10	session-handoff	sessions	none	skipped	All criteria passed
2026-04-09 15:01:13	session-handoff	sessions	none	skipped	All criteria passed
2026-04-09 15:02:49	session-handoff	sessions	none	skipped	All criteria passed
2026-04-09 15:05:27	session-handoff	sessions	none	skipped	All criteria passed
2026-04-09 15:05:59	session-handoff	sessions	none	skipped	All criteria passed
2026-04-09 15:14:30	session-handoff	sessions	none	skipped	All criteria passed
2026-04-09 15:28:21	session-handoff	sessions	none	skipped	All criteria passed
2026-04-09 15:28:38	session-handoff	sessions	none	skipped	All criteria passed
2026-04-09 15:38:36	session-handoff	sessions	none	skipped	All criteria passed
2026-04-09 15:38:55	session-handoff	sessions	none	skipped	All criteria passed
2026-04-09 15:47:00	session-handoff	sessions	none	skipped	All criteria passed
2026-04-09 15:52:46	session-handoff	sessions	none	skipped	All criteria passed
2026-04-09 15:53:03	session-handoff	sessions	none	skipped	All criteria passed
2026-04-09 15:57:18	session-handoff	sessions	none	skipped	All criteria passed
2026-04-09 15:59:58	session-handoff	sessions	none	skipped	All criteria passed
2026-04-09 16:00:20	session-handoff	sessions	none	skipped	All criteria passed
2026-04-09 16:03:02	session-handoff	sessions	none	skipped	All criteria passed
2026-04-09 16:04:47	session-handoff	sessions	none	skipped	All criteria passed
2026-04-09 16:06:09	session-handoff	sessions	none	skipped	All criteria passed
2026-04-09 16:09:51	session-handoff	sessions	none	skipped	All criteria passed
2026-04-09 16:10:32	session-handoff	sessions	none	skipped	All criteria passed
2026-04-09 16:19:16	session-handoff	sessions	none	skipped	All criteria passed
2026-04-09 16:21:23	session-handoff	sessions	none	skipped	All criteria passed
2026-04-09 16:22:13	session-handoff	sessions	none	skipped	All criteria passed
2026-04-09 18:04:35	session-handoff	sessions	none	skipped	All criteria passed
2026-04-09 18:08:33	session-handoff	sessions	none	skipped	All criteria passed
2026-04-09 18:20:00	session-handoff	sessions	none	skipped	All criteria passed
2026-04-09 18:22:40	session-handoff	sessions	none	skipped	All criteria passed
2026-04-09 18:22:46	session-handoff	sessions	none	skipped	All criteria passed
